<?xml version="1.0" encoding="UTF-8"?>
<project-private xmlns="http://www.netbeans.org/ns/project-private/1">
    <editor-bookmarks xmlns="http://www.netbeans.org/ns/editor-bookmarks/2" lastBookmarkId="0"/>
    <open-files xmlns="http://www.netbeans.org/ns/projectui-open-files/2">
        <group>
            <file>file:/F:/TUGAS/Semester%202/WORKSHOP%20DEKSTOP-BASED%20INFORMATION%20SYSTEM/week9/aplikasikasir/src/kasir/barang.java</file>
            <file>file:/F:/TUGAS/Semester%202/WORKSHOP%20DEKSTOP-BASED%20INFORMATION%20SYSTEM/week9/aplikasikasir/src/kasir/category.java</file>
        </group>
    </open-files>
</project-private>
